0,2017-01-02 00:00:00+05:30,8179.5,NIFTY 50
1,2017-01-03 00:00:00+05:30,8192.25,NIFTY 50
2,2017-01-04 00:00:00+05:30,8190.5,NIFTY 50
3,2017-01-05 00:00:00+05:30,8273.8,NIFTY 50
4,2017-01-06 00:00:00+05:30,8243.8,NIFTY 50
5,2017-01-09 00:00:00+05:30,8236.05,NIFTY 50
6,2017-01-10 00:00:00+05:30,8288.6,NIFTY 50
7,2017-01-11 00:00:00+05:30,8380.65,NIFTY 50
8,2017-01-12 00:00:00+05:30,8407.2,NIFTY 50
9,2017-01-13 00:00:00+05:30,8400.35,NIFTY 50
10,2017-01-16 00:00:00+05:30,8412.8,NIFTY 50
11,2017-01-17 00:00:00+05:30,8398,NIFTY 50
12,2017-01-18 00:00:00+05:30,8417,NIFTY 50
13,2017-01-19 00:00:00+05:30,8435.1,NIFTY 50
14,2017-01-20 00:00:00+05:30,8349.35,NIFTY 50
15,2017-01-23 00:00:00+05:30,8391.5,NIFTY 50
16,2017-01-24 00:00:00+05:30,8475.8,NIFTY 50
17,2017-01-25 00:00:00+05:30,8602.75,NIFTY 50
18,2017-01-27 00:00:00+05:30,8641.25,NIFTY 50
19,2017-01-30 00:00:00+05:30,8632.75,NIFTY 50
20,2017-01-31 00:00:00+05:30,8561.3,NIFTY 50
21,2017-02-01 00:00:00+05:30,8716.4,NIFTY 50
22,2017-02-02 00:00:00+05:30,8734.25,NIFTY 50
23,2017-02-03 00:00:00+05:30,8740.95,NIFTY 50
24,2017-02-06 00:00:00+05:30,8801.05,NIFTY 50
25,2017-02-07 00:00:00+05:30,8768.3,NIFTY 50
26,2017-02-08 00:00:00+05:30,8769.05,NIFTY 50
27,2017-02-09 00:00:00+05:30,8778.4,NIFTY 50
28,2017-02-10 00:00:00+05:30,8793.55,NIFTY 50
29,2017-02-13 00:00:00+05:30,8805.05,NIFTY 50
30,2017-02-14 00:00:00+05:30,8792.3,NIFTY 50
31,2017-02-15 00:00:00+05:30,8724.7,NIFTY 50
32,2017-02-16 00:00:00+05:30,8778,NIFTY 50
33,2017-02-17 00:00:00+05:30,8821.7,NIFTY 50
34,2017-02-20 00:00:00+05:30,8879.2,NIFTY 50
35,2017-02-21 00:00:00+05:30,8907.85,NIFTY 50
36,2017-02-22 00:00:00+05:30,8926.9,NIFTY 50
37,2017-02-23 00:00:00+05:30,8939.5,NIFTY 50
38,2017-02-27 00:00:00+05:30,8896.7,NIFTY 50
39,2017-02-28 00:00:00+05:30,8879.6,NIFTY 50
40,2017-03-01 00:00:00+05:30,8945.8,NIFTY 50
41,2017-03-02 00:00:00+05:30,8899.75,NIFTY 50
42,2017-03-03 00:00:00+05:30,8897.55,NIFTY 50
43,2017-03-06 00:00:00+05:30,8963.45,NIFTY 50
44,2017-03-07 00:00:00+05:30,8946.9,NIFTY 50
45,2017-03-08 00:00:00+05:30,8924.3,NIFTY 50
46,2017-03-09 00:00:00+05:30,8927,NIFTY 50
47,2017-03-10 00:00:00+05:30,8934.55,NIFTY 50
48,2017-03-14 00:00:00+05:30,9087,NIFTY 50
49,2017-03-15 00:00:00+05:30,9084.8,NIFTY 50
50,2017-03-16 00:00:00+05:30,9153.7,NIFTY 50
51,2017-03-17 00:00:00+05:30,9160.05,NIFTY 50
52,2017-03-20 00:00:00+05:30,9126.85,NIFTY 50
53,2017-03-21 00:00:00+05:30,9121.5,NIFTY 50
54,2017-03-22 00:00:00+05:30,9030.45,NIFTY 50
55,2017-03-23 00:00:00+05:30,9086.3,NIFTY 50
56,2017-03-24 00:00:00+05:30,9108,NIFTY 50
57,2017-03-27 00:00:00+05:30,9045.2,NIFTY 50
58,2017-03-28 00:00:00+05:30,9100.8,NIFTY 50
59,2017-03-29 00:00:00+05:30,9143.8,NIFTY 50
60,2017-03-30 00:00:00+05:30,9173.75,NIFTY 50
61,2017-03-31 00:00:00+05:30,9173.75,NIFTY 50
62,2017-04-03 00:00:00+05:30,9237.85,NIFTY 50
63,2017-04-05 00:00:00+05:30,9265.15,NIFTY 50
64,2017-04-06 00:00:00+05:30,9261.95,NIFTY 50
65,2017-04-07 00:00:00+05:30,9198.3,NIFTY 50
66,2017-04-10 00:00:00+05:30,9181.45,NIFTY 50
67,2017-04-11 00:00:00+05:30,9237,NIFTY 50
68,2017-04-12 00:00:00+05:30,9203.45,NIFTY 50
69,2017-04-13 00:00:00+05:30,9150.8,NIFTY 50
70,2017-04-17 00:00:00+05:30,9139.3,NIFTY 50
71,2017-04-18 00:00:00+05:30,9105.15,NIFTY 50
72,2017-04-19 00:00:00+05:30,9103.5,NIFTY 50
73,2017-04-20 00:00:00+05:30,9136.4,NIFTY 50
74,2017-04-21 00:00:00+05:30,9119.4,NIFTY 50
75,2017-04-24 00:00:00+05:30,9217.95,NIFTY 50
76,2017-04-25 00:00:00+05:30,9306.6,NIFTY 50
77,2017-04-26 00:00:00+05:30,9351.85,NIFTY 50
78,2017-04-27 00:00:00+05:30,9342.15,NIFTY 50
79,2017-04-28 00:00:00+05:30,9304.05,NIFTY 50
80,2017-05-02 00:00:00+05:30,9313.8,NIFTY 50
81,2017-05-03 00:00:00+05:30,9311.95,NIFTY 50
82,2017-05-04 00:00:00+05:30,9359.9,NIFTY 50
83,2017-05-05 00:00:00+05:30,9285.3,NIFTY 50
84,2017-05-08 00:00:00+05:30,9314.05,NIFTY 50
85,2017-05-09 00:00:00+05:30,9316.85,NIFTY 50
86,2017-05-10 00:00:00+05:30,9407.3,NIFTY 50
87,2017-05-11 00:00:00+05:30,9422.4,NIFTY 50
88,2017-05-12 00:00:00+05:30,9400.9,NIFTY 50
89,2017-05-15 00:00:00+05:30,9445.4,NIFTY 50
90,2017-05-16 00:00:00+05:30,9512.25,NIFTY 50
91,2017-05-17 00:00:00+05:30,9525.75,NIFTY 50
92,2017-05-18 00:00:00+05:30,9429.45,NIFTY 50
93,2017-05-19 00:00:00+05:30,9427.9,NIFTY 50
94,2017-05-22 00:00:00+05:30,9438.25,NIFTY 50
95,2017-05-23 00:00:00+05:30,9386.15,NIFTY 50
96,2017-05-24 00:00:00+05:30,9360.55,NIFTY 50
97,2017-05-25 00:00:00+05:30,9509.75,NIFTY 50
98,2017-05-26 00:00:00+05:30,9595.1,NIFTY 50
99,2017-05-29 00:00:00+05:30,9604.9,NIFTY 50
100,2017-05-30 00:00:00+05:30,9624.55,NIFTY 50
101,2017-05-31 00:00:00+05:30,9621.25,NIFTY 50
102,2017-06-01 00:00:00+05:30,9616.1,NIFTY 50
103,2017-06-02 00:00:00+05:30,9653.5,NIFTY 50
104,2017-06-05 00:00:00+05:30,9675.1,NIFTY 50
105,2017-06-06 00:00:00+05:30,9637.15,NIFTY 50
106,2017-06-07 00:00:00+05:30,9663.9,NIFTY 50
107,2017-06-08 00:00:00+05:30,9647.25,NIFTY 50
108,2017-06-09 00:00:00+05:30,9668.25,NIFTY 50
109,2017-06-12 00:00:00+05:30,9616.4,NIFTY 50
110,2017-06-13 00:00:00+05:30,9606.9,NIFTY 50
111,2017-06-14 00:00:00+05:30,9618.15,NIFTY 50
112,2017-06-15 00:00:00+05:30,9578.05,NIFTY 50
113,2017-06-16 00:00:00+05:30,9588.05,NIFTY 50
114,2017-06-19 00:00:00+05:30,9657.55,NIFTY 50
115,2017-06-20 00:00:00+05:30,9653.5,NIFTY 50
116,2017-06-21 00:00:00+05:30,9633.6,NIFTY 50
117,2017-06-22 00:00:00+05:30,9630,NIFTY 50
118,2017-06-23 00:00:00+05:30,9574.95,NIFTY 50
119,2017-06-27 00:00:00+05:30,9511.4,NIFTY 50
120,2017-06-28 00:00:00+05:30,9491.25,NIFTY 50
121,2017-06-29 00:00:00+05:30,9504.1,NIFTY 50
122,2017-06-30 00:00:00+05:30,9520.9,NIFTY 50
123,2017-07-03 00:00:00+05:30,9615,NIFTY 50
124,2017-07-04 00:00:00+05:30,9613.3,NIFTY 50
125,2017-07-05 00:00:00+05:30,9637.6,NIFTY 50
126,2017-07-06 00:00:00+05:30,9674.55,NIFTY 50
127,2017-07-07 00:00:00+05:30,9665.8,NIFTY 50
128,2017-07-10 00:00:00+05:30,9771.05,NIFTY 50
129,2017-07-11 00:00:00+05:30,9786.05,NIFTY 50
130,2017-07-12 00:00:00+05:30,9816.1,NIFTY 50
131,2017-07-13 00:00:00+05:30,9891.7,NIFTY 50
132,2017-07-14 00:00:00+05:30,9886.35,NIFTY 50
133,2017-07-17 00:00:00+05:30,9915.95,NIFTY 50
134,2017-07-18 00:00:00+05:30,9827.15,NIFTY 50
135,2017-07-19 00:00:00+05:30,9899.6,NIFTY 50
136,2017-07-20 00:00:00+05:30,9873.3,NIFTY 50
137,2017-07-21 00:00:00+05:30,9915.25,NIFTY 50
138,2017-07-24 00:00:00+05:30,9966.4,NIFTY 50
139,2017-07-25 00:00:00+05:30,9964.55,NIFTY 50
140,2017-07-26 00:00:00+05:30,10020.65,NIFTY 50
141,2017-07-27 00:00:00+05:30,10020.55,NIFTY 50
142,2017-07-28 00:00:00+05:30,10014.5,NIFTY 50
143,2017-07-31 00:00:00+05:30,10077.1,NIFTY 50
144,2017-08-01 00:00:00+05:30,10114.65,NIFTY 50
145,2017-08-02 00:00:00+05:30,10081.5,NIFTY 50
146,2017-08-03 00:00:00+05:30,10013.65,NIFTY 50
147,2017-08-04 00:00:00+05:30,10066.4,NIFTY 50
148,2017-08-07 00:00:00+05:30,10057.4,NIFTY 50
149,2017-08-08 00:00:00+05:30,9978.55,NIFTY 50
150,2017-08-09 00:00:00+05:30,9908.05,NIFTY 50
151,2017-08-10 00:00:00+05:30,9820.25,NIFTY 50
152,2017-08-11 00:00:00+05:30,9710.8,NIFTY 50
153,2017-08-14 00:00:00+05:30,9794.15,NIFTY 50
154,2017-08-16 00:00:00+05:30,9897.3,NIFTY 50
155,2017-08-17 00:00:00+05:30,9904.15,NIFTY 50
156,2017-08-18 00:00:00+05:30,9837.4,NIFTY 50
157,2017-08-21 00:00:00+05:30,9754.35,NIFTY 50
158,2017-08-22 00:00:00+05:30,9765.55,NIFTY 50
159,2017-08-23 00:00:00+05:30,9852.5,NIFTY 50
160,2017-08-24 00:00:00+05:30,9857.05,NIFTY 50
161,2017-08-28 00:00:00+05:30,9912.8,NIFTY 50
162,2017-08-29 00:00:00+05:30,9796.05,NIFTY 50
163,2017-08-30 00:00:00+05:30,9884.4,NIFTY 50
164,2017-08-31 00:00:00+05:30,9917.9,NIFTY 50
165,2017-09-01 00:00:00+05:30,9974.4,NIFTY 50
166,2017-09-04 00:00:00+05:30,9912.85,NIFTY 50
167,2017-09-05 00:00:00+05:30,9952.2,NIFTY 50
168,2017-09-06 00:00:00+05:30,9916.2,NIFTY 50
169,2017-09-07 00:00:00+05:30,9929.9,NIFTY 50
170,2017-09-08 00:00:00+05:30,9934.8,NIFTY 50
171,2017-09-11 00:00:00+05:30,10006.05,NIFTY 50
172,2017-09-12 00:00:00+05:30,10093.05,NIFTY 50
173,2017-09-13 00:00:00+05:30,10079.3,NIFTY 50
174,2017-09-14 00:00:00+05:30,10086.6,NIFTY 50
175,2017-09-15 00:00:00+05:30,10085.4,NIFTY 50
176,2017-09-18 00:00:00+05:30,10153.1,NIFTY 50
177,2017-09-19 00:00:00+05:30,10147.55,NIFTY 50
178,2017-09-20 00:00:00+05:30,10141.15,NIFTY 50
179,2017-09-21 00:00:00+05:30,10121.9,NIFTY 50
180,2017-09-22 00:00:00+05:30,9964.4,NIFTY 50
181,2017-09-25 00:00:00+05:30,9872.6,NIFTY 50
182,2017-09-26 00:00:00+05:30,9871.5,NIFTY 50
183,2017-09-27 00:00:00+05:30,9735.75,NIFTY 50
184,2017-09-28 00:00:00+05:30,9768.95,NIFTY 50
185,2017-09-29 00:00:00+05:30,9788.6,NIFTY 50
186,2017-10-03 00:00:00+05:30,9859.5,NIFTY 50
187,2017-10-04 00:00:00+05:30,9914.9,NIFTY 50
188,2017-10-05 00:00:00+05:30,9888.7,NIFTY 50
189,2017-10-06 00:00:00+05:30,9979.7,NIFTY 50
190,2017-10-09 00:00:00+05:30,9988.75,NIFTY 50
191,2017-10-10 00:00:00+05:30,10016.95,NIFTY 50
192,2017-10-11 00:00:00+05:30,9984.8,NIFTY 50
193,2017-10-12 00:00:00+05:30,10096.4,NIFTY 50
194,2017-10-13 00:00:00+05:30,10167.45,NIFTY 50
195,2017-10-16 00:00:00+05:30,10230.85,NIFTY 50
196,2017-10-17 00:00:00+05:30,10234.45,NIFTY 50
197,2017-10-18 00:00:00+05:30,10210.85,NIFTY 50
198,2017-10-19 00:00:00+05:30,10146.55,NIFTY 50
199,2017-10-23 00:00:00+05:30,10184.85,NIFTY 50
200,2017-10-24 00:00:00+05:30,10207.7,NIFTY 50
201,2017-10-25 00:00:00+05:30,10295.35,NIFTY 50
202,2017-10-26 00:00:00+05:30,10343.8,NIFTY 50
203,2017-10-27 00:00:00+05:30,10323.05,NIFTY 50
204,2017-10-30 00:00:00+05:30,10363.65,NIFTY 50
205,2017-10-31 00:00:00+05:30,10335.3,NIFTY 50
206,2017-11-01 00:00:00+05:30,10440.5,NIFTY 50
207,2017-11-02 00:00:00+05:30,10423.8,NIFTY 50
208,2017-11-03 00:00:00+05:30,10452.5,NIFTY 50
209,2017-11-06 00:00:00+05:30,10451.8,NIFTY 50
210,2017-11-07 00:00:00+05:30,10350.15,NIFTY 50
211,2017-11-08 00:00:00+05:30,10303.15,NIFTY 50
212,2017-11-09 00:00:00+05:30,10308.95,NIFTY 50
213,2017-11-10 00:00:00+05:30,10321.75,NIFTY 50
214,2017-11-13 00:00:00+05:30,10224.95,NIFTY 50
215,2017-11-14 00:00:00+05:30,10186.6,NIFTY 50
216,2017-11-15 00:00:00+05:30,10118.05,NIFTY 50
217,2017-11-16 00:00:00+05:30,10214.75,NIFTY 50
218,2017-11-17 00:00:00+05:30,10283.6,NIFTY 50
219,2017-11-20 00:00:00+05:30,10298.75,NIFTY 50
220,2017-11-21 00:00:00+05:30,10326.9,NIFTY 50
221,2017-11-22 00:00:00+05:30,10342.3,NIFTY 50
222,2017-11-23 00:00:00+05:30,10348.75,NIFTY 50
223,2017-11-24 00:00:00+05:30,10389.7,NIFTY 50
224,2017-11-27 00:00:00+05:30,10399.55,NIFTY 50
225,2017-11-28 00:00:00+05:30,10370.25,NIFTY 50
226,2017-11-29 00:00:00+05:30,10361.3,NIFTY 50
227,2017-11-30 00:00:00+05:30,10226.55,NIFTY 50
228,2017-12-01 00:00:00+05:30,10121.8,NIFTY 50
229,2017-12-04 00:00:00+05:30,10127.75,NIFTY 50
230,2017-12-05 00:00:00+05:30,10118.25,NIFTY 50
231,2017-12-06 00:00:00+05:30,10044.1,NIFTY 50
232,2017-12-07 00:00:00+05:30,10166.7,NIFTY 50
233,2017-12-08 00:00:00+05:30,10265.65,NIFTY 50
234,2017-12-11 00:00:00+05:30,10322.25,NIFTY 50
235,2017-12-12 00:00:00+05:30,10240.15,NIFTY 50
236,2017-12-13 00:00:00+05:30,10192.95,NIFTY 50
237,2017-12-14 00:00:00+05:30,10252.1,NIFTY 50
238,2017-12-15 00:00:00+05:30,10333.25,NIFTY 50
239,2017-12-18 00:00:00+05:30,10388.75,NIFTY 50
240,2017-12-19 00:00:00+05:30,10463.2,NIFTY 50
241,2017-12-20 00:00:00+05:30,10444.2,NIFTY 50
242,2017-12-21 00:00:00+05:30,10440.3,NIFTY 50
243,2017-12-22 00:00:00+05:30,10493,NIFTY 50
244,2017-12-26 00:00:00+05:30,10531.5,NIFTY 50
245,2017-12-27 00:00:00+05:30,10490.75,NIFTY 50
246,2017-12-28 00:00:00+05:30,10477.9,NIFTY 50
247,2017-12-29 00:00:00+05:30,10530.7,NIFTY 50
248,2018-01-01 00:00:00+05:30,10435.55,NIFTY 50
249,2018-01-02 00:00:00+05:30,10442.2,NIFTY 50
250,2018-01-03 00:00:00+05:30,10443.2,NIFTY 50
251,2018-01-04 00:00:00+05:30,10504.8,NIFTY 50
252,2018-01-05 00:00:00+05:30,10558.85,NIFTY 50
253,2018-01-08 00:00:00+05:30,10623.6,NIFTY 50
254,2018-01-09 00:00:00+05:30,10637,NIFTY 50
255,2018-01-10 00:00:00+05:30,10632.2,NIFTY 50
256,2018-01-11 00:00:00+05:30,10651.2,NIFTY 50
257,2018-01-12 00:00:00+05:30,10681.25,NIFTY 50
258,2018-01-15 00:00:00+05:30,10741.55,NIFTY 50
259,2018-01-16 00:00:00+05:30,10700.45,NIFTY 50
260,2018-01-17 00:00:00+05:30,10788.55,NIFTY 50
261,2018-01-18 00:00:00+05:30,10817,NIFTY 50
262,2018-01-19 00:00:00+05:30,10894.7,NIFTY 50
263,2018-01-22 00:00:00+05:30,10966.2,NIFTY 50
264,2018-01-23 00:00:00+05:30,11083.7,NIFTY 50
265,2018-01-24 00:00:00+05:30,11086,NIFTY 50
266,2018-01-25 00:00:00+05:30,11069.65,NIFTY 50
267,2018-01-29 00:00:00+05:30,11130.4,NIFTY 50
268,2018-01-30 00:00:00+05:30,11049.65,NIFTY 50
269,2018-01-31 00:00:00+05:30,11027.7,NIFTY 50
270,2018-02-01 00:00:00+05:30,11016.9,NIFTY 50
271,2018-02-02 00:00:00+05:30,10760.6,NIFTY 50
272,2018-02-05 00:00:00+05:30,10666.55,NIFTY 50
273,2018-02-06 00:00:00+05:30,10498.25,NIFTY 50
274,2018-02-07 00:00:00+05:30,10476.7,NIFTY 50
275,2018-02-08 00:00:00+05:30,10576.85,NIFTY 50
276,2018-02-09 00:00:00+05:30,10454.95,NIFTY 50
277,2018-02-12 00:00:00+05:30,10539.75,NIFTY 50
278,2018-02-14 00:00:00+05:30,10500.9,NIFTY 50
279,2018-02-15 00:00:00+05:30,10545.5,NIFTY 50
280,2018-02-16 00:00:00+05:30,10452.3,NIFTY 50
281,2018-02-19 00:00:00+05:30,10378.4,NIFTY 50
282,2018-02-20 00:00:00+05:30,10360.4,NIFTY 50
283,2018-02-21 00:00:00+05:30,10397.45,NIFTY 50
284,2018-02-22 00:00:00+05:30,10382.7,NIFTY 50
285,2018-02-23 00:00:00+05:30,10491.05,NIFTY 50
286,2018-02-26 00:00:00+05:30,10582.6,NIFTY 50
287,2018-02-27 00:00:00+05:30,10554.3,NIFTY 50
288,2018-02-28 00:00:00+05:30,10492.85,NIFTY 50
289,2018-03-01 00:00:00+05:30,10458.35,NIFTY 50
290,2018-03-05 00:00:00+05:30,10358.85,NIFTY 50
291,2018-03-06 00:00:00+05:30,10249.25,NIFTY 50
292,2018-03-07 00:00:00+05:30,10154.2,NIFTY 50
293,2018-03-08 00:00:00+05:30,10242.65,NIFTY 50
294,2018-03-09 00:00:00+05:30,10226.85,NIFTY 50
295,2018-03-12 00:00:00+05:30,10421.4,NIFTY 50
296,2018-03-13 00:00:00+05:30,10426.85,NIFTY 50
297,2018-03-14 00:00:00+05:30,10410.9,NIFTY 50
298,2018-03-15 00:00:00+05:30,10360.15,NIFTY 50
299,2018-03-16 00:00:00+05:30,10195.15,NIFTY 50
300,2018-03-19 00:00:00+05:30,10094.25,NIFTY 50
301,2018-03-20 00:00:00+05:30,10124.35,NIFTY 50
302,2018-03-21 00:00:00+05:30,10155.25,NIFTY 50
303,2018-03-22 00:00:00+05:30,10114.75,NIFTY 50
304,2018-03-23 00:00:00+05:30,9998.05,NIFTY 50
305,2018-03-26 00:00:00+05:30,10130.65,NIFTY 50
306,2018-03-27 00:00:00+05:30,10184.15,NIFTY 50
307,2018-03-28 00:00:00+05:30,10113.7,NIFTY 50
308,2018-04-02 00:00:00+05:30,10211.8,NIFTY 50
309,2018-04-03 00:00:00+05:30,10245,NIFTY 50
310,2018-04-04 00:00:00+05:30,10128.4,NIFTY 50
311,2018-04-05 00:00:00+05:30,10325.15,NIFTY 50
312,2018-04-06 00:00:00+05:30,10331.6,NIFTY 50
313,2018-04-09 00:00:00+05:30,10379.35,NIFTY 50
314,2018-04-10 00:00:00+05:30,10402.25,NIFTY 50
315,2018-04-11 00:00:00+05:30,10417.15,NIFTY 50
316,2018-04-12 00:00:00+05:30,10458.65,NIFTY 50
317,2018-04-13 00:00:00+05:30,10480.6,NIFTY 50
318,2018-04-16 00:00:00+05:30,10528.35,NIFTY 50
319,2018-04-17 00:00:00+05:30,10548.7,NIFTY 50
320,2018-04-18 00:00:00+05:30,10526.2,NIFTY 50
321,2018-04-19 00:00:00+05:30,10565.3,NIFTY 50
322,2018-04-20 00:00:00+05:30,10564.05,NIFTY 50
323,2018-04-23 00:00:00+05:30,10584.7,NIFTY 50
324,2018-04-24 00:00:00+05:30,10614.35,NIFTY 50
325,2018-04-25 00:00:00+05:30,10570.55,NIFTY 50
326,2018-04-26 00:00:00+05:30,10617.8,NIFTY 50
327,2018-04-27 00:00:00+05:30,10692.3,NIFTY 50
328,2018-04-30 00:00:00+05:30,10739.35,NIFTY 50
329,2018-05-02 00:00:00+05:30,10718.05,NIFTY 50
330,2018-05-03 00:00:00+05:30,10679.65,NIFTY 50
331,2018-05-04 00:00:00+05:30,10618.25,NIFTY 50
332,2018-05-07 00:00:00+05:30,10715.5,NIFTY 50
333,2018-05-08 00:00:00+05:30,10717.8,NIFTY 50
334,2018-05-09 00:00:00+05:30,10741.7,NIFTY 50
335,2018-05-10 00:00:00+05:30,10716.55,NIFTY 50
336,2018-05-11 00:00:00+05:30,10806.5,NIFTY 50
337,2018-05-14 00:00:00+05:30,10806.6,NIFTY 50
338,2018-05-15 00:00:00+05:30,10801.85,NIFTY 50
339,2018-05-16 00:00:00+05:30,10741.1,NIFTY 50
340,2018-05-17 00:00:00+05:30,10682.7,NIFTY 50
341,2018-05-18 00:00:00+05:30,10596.4,NIFTY 50
342,2018-05-21 00:00:00+05:30,10516.7,NIFTY 50
343,2018-05-22 00:00:00+05:30,10536.7,NIFTY 50
344,2018-05-23 00:00:00+05:30,10430.35,NIFTY 50
345,2018-05-24 00:00:00+05:30,10513.85,NIFTY 50
346,2018-05-25 00:00:00+05:30,10605.15,NIFTY 50
347,2018-05-28 00:00:00+05:30,10688.65,NIFTY 50
348,2018-05-29 00:00:00+05:30,10633.3,NIFTY 50
349,2018-05-30 00:00:00+05:30,10614.35,NIFTY 50
350,2018-05-31 00:00:00+05:30,10736.15,NIFTY 50
351,2018-06-01 00:00:00+05:30,10696.2,NIFTY 50
352,2018-06-04 00:00:00+05:30,10628.5,NIFTY 50
353,2018-06-05 00:00:00+05:30,10593.15,NIFTY 50
354,2018-06-06 00:00:00+05:30,10684.65,NIFTY 50
355,2018-06-07 00:00:00+05:30,10768.35,NIFTY 50
356,2018-06-08 00:00:00+05:30,10767.65,NIFTY 50
357,2018-06-11 00:00:00+05:30,10786.95,NIFTY 50
358,2018-06-12 00:00:00+05:30,10842.85,NIFTY 50
359,2018-06-13 00:00:00+05:30,10856.7,NIFTY 50
360,2018-06-14 00:00:00+05:30,10808.05,NIFTY 50
361,2018-06-15 00:00:00+05:30,10817.7,NIFTY 50
362,2018-06-18 00:00:00+05:30,10799.85,NIFTY 50
363,2018-06-19 00:00:00+05:30,10710.45,NIFTY 50
364,2018-06-20 00:00:00+05:30,10772.05,NIFTY 50
365,2018-06-21 00:00:00+05:30,10741.1,NIFTY 50
366,2018-06-22 00:00:00+05:30,10821.85,NIFTY 50
367,2018-06-25 00:00:00+05:30,10762.45,NIFTY 50
368,2018-06-26 00:00:00+05:30,10769.15,NIFTY 50
369,2018-06-27 00:00:00+05:30,10671.4,NIFTY 50
370,2018-06-28 00:00:00+05:30,10589.1,NIFTY 50
371,2018-06-29 00:00:00+05:30,10714.3,NIFTY 50
372,2018-07-02 00:00:00+05:30,10657.3,NIFTY 50
373,2018-07-03 00:00:00+05:30,10699.9,NIFTY 50
374,2018-07-04 00:00:00+05:30,10769.9,NIFTY 50
375,2018-07-05 00:00:00+05:30,10749.75,NIFTY 50
376,2018-07-06 00:00:00+05:30,10772.65,NIFTY 50
377,2018-07-09 00:00:00+05:30,10852.9,NIFTY 50
378,2018-07-10 00:00:00+05:30,10947.25,NIFTY 50
379,2018-07-11 00:00:00+05:30,10948.3,NIFTY 50
380,2018-07-12 00:00:00+05:30,11023.2,NIFTY 50
381,2018-07-13 00:00:00+05:30,11018.9,NIFTY 50
382,2018-07-16 00:00:00+05:30,10936.85,NIFTY 50
383,2018-07-17 00:00:00+05:30,11008.05,NIFTY 50
384,2018-07-18 00:00:00+05:30,10980.45,NIFTY 50
385,2018-07-19 00:00:00+05:30,10957.1,NIFTY 50
386,2018-07-20 00:00:00+05:30,11010.2,NIFTY 50
387,2018-07-23 00:00:00+05:30,11084.75,NIFTY 50
388,2018-07-24 00:00:00+05:30,11134.3,NIFTY 50
389,2018-07-25 00:00:00+05:30,11132,NIFTY 50
390,2018-07-26 00:00:00+05:30,11167.3,NIFTY 50
391,2018-07-27 00:00:00+05:30,11278.35,NIFTY 50
392,2018-07-30 00:00:00+05:30,11319.55,NIFTY 50
393,2018-07-31 00:00:00+05:30,11356.5,NIFTY 50
394,2018-08-01 00:00:00+05:30,11346.2,NIFTY 50
395,2018-08-02 00:00:00+05:30,11244.7,NIFTY 50
396,2018-08-03 00:00:00+05:30,11360.8,NIFTY 50
397,2018-08-06 00:00:00+05:30,11387.1,NIFTY 50
398,2018-08-07 00:00:00+05:30,11389.45,NIFTY 50
399,2018-08-08 00:00:00+05:30,11450,NIFTY 50
400,2018-08-09 00:00:00+05:30,11470.7,NIFTY 50
401,2018-08-10 00:00:00+05:30,11429.5,NIFTY 50
402,2018-08-13 00:00:00+05:30,11355.75,NIFTY 50
403,2018-08-14 00:00:00+05:30,11435.1,NIFTY 50
404,2018-08-16 00:00:00+05:30,11385.05,NIFTY 50
405,2018-08-17 00:00:00+05:30,11470.75,NIFTY 50
406,2018-08-20 00:00:00+05:30,11551.75,NIFTY 50
407,2018-08-21 00:00:00+05:30,11570.9,NIFTY 50
408,2018-08-23 00:00:00+05:30,11582.75,NIFTY 50
409,2018-08-24 00:00:00+05:30,11557.1,NIFTY 50
410,2018-08-27 00:00:00+05:30,11691.95,NIFTY 50
411,2018-08-28 00:00:00+05:30,11738.5,NIFTY 50
412,2018-08-29 00:00:00+05:30,11691.9,NIFTY 50
413,2018-08-30 00:00:00+05:30,11676.8,NIFTY 50
414,2018-08-31 00:00:00+05:30,11680.5,NIFTY 50
415,2018-09-03 00:00:00+05:30,11582.35,NIFTY 50
416,2018-09-04 00:00:00+05:30,11520.3,NIFTY 50
417,2018-09-05 00:00:00+05:30,11476.95,NIFTY 50
418,2018-09-06 00:00:00+05:30,11536.9,NIFTY 50
419,2018-09-07 00:00:00+05:30,11589.1,NIFTY 50
420,2018-09-10 00:00:00+05:30,11438.1,NIFTY 50
421,2018-09-11 00:00:00+05:30,11287.5,NIFTY 50
422,2018-09-12 00:00:00+05:30,11369.9,NIFTY 50
423,2018-09-14 00:00:00+05:30,11515.2,NIFTY 50
424,2018-09-17 00:00:00+05:30,11377.75,NIFTY 50
425,2018-09-18 00:00:00+05:30,11278.9,NIFTY 50
426,2018-09-19 00:00:00+05:30,11234.35,NIFTY 50
427,2018-09-21 00:00:00+05:30,11143.1,NIFTY 50
428,2018-09-24 00:00:00+05:30,10967.4,NIFTY 50
429,2018-09-25 00:00:00+05:30,11067.45,NIFTY 50
430,2018-09-26 00:00:00+05:30,11053.8,NIFTY 50
431,2018-09-27 00:00:00+05:30,10977.55,NIFTY 50
432,2018-09-28 00:00:00+05:30,10930.45,NIFTY 50
433,2018-10-01 00:00:00+05:30,11008.3,NIFTY 50
434,2018-10-03 00:00:00+05:30,10858.25,NIFTY 50
435,2018-10-04 00:00:00+05:30,10599.25,NIFTY 50
436,2018-10-05 00:00:00+05:30,10316.45,NIFTY 50
437,2018-10-08 00:00:00+05:30,10348.05,NIFTY 50
438,2018-10-09 00:00:00+05:30,10301.05,NIFTY 50
439,2018-10-10 00:00:00+05:30,10460.1,NIFTY 50
440,2018-10-11 00:00:00+05:30,10234.65,NIFTY 50
441,2018-10-12 00:00:00+05:30,10472.5,NIFTY 50
442,2018-10-15 00:00:00+05:30,10512.5,NIFTY 50
443,2018-10-16 00:00:00+05:30,10584.75,NIFTY 50
444,2018-10-17 00:00:00+05:30,10453.05,NIFTY 50
445,2018-10-19 00:00:00+05:30,10303.55,NIFTY 50
446,2018-10-22 00:00:00+05:30,10245.25,NIFTY 50
447,2018-10-23 00:00:00+05:30,10146.8,NIFTY 50
448,2018-10-24 00:00:00+05:30,10224.75,NIFTY 50
449,2018-10-25 00:00:00+05:30,10124.9,NIFTY 50
450,2018-10-26 00:00:00+05:30,10030,NIFTY 50
451,2018-10-29 00:00:00+05:30,10250.85,NIFTY 50
452,2018-10-30 00:00:00+05:30,10198.4,NIFTY 50
453,2018-10-31 00:00:00+05:30,10386.6,NIFTY 50
454,2018-11-01 00:00:00+05:30,10380.45,NIFTY 50
455,2018-11-02 00:00:00+05:30,10553,NIFTY 50
456,2018-11-05 00:00:00+05:30,10524,NIFTY 50
457,2018-11-06 00:00:00+05:30,10530,NIFTY 50
458,2018-11-07 00:00:00+05:30,10598.4,NIFTY 50
459,2018-11-09 00:00:00+05:30,10585.2,NIFTY 50
460,2018-11-12 00:00:00+05:30,10482.2,NIFTY 50
461,2018-11-13 00:00:00+05:30,10582.5,NIFTY 50
462,2018-11-14 00:00:00+05:30,10576.3,NIFTY 50
463,2018-11-15 00:00:00+05:30,10616.7,NIFTY 50
464,2018-11-16 00:00:00+05:30,10682.2,NIFTY 50
465,2018-11-19 00:00:00+05:30,10763.4,NIFTY 50
466,2018-11-20 00:00:00+05:30,10656.2,NIFTY 50
467,2018-11-21 00:00:00+05:30,10600.05,NIFTY 50
468,2018-11-22 00:00:00+05:30,10526.75,NIFTY 50
469,2018-11-26 00:00:00+05:30,10628.6,NIFTY 50
470,2018-11-27 00:00:00+05:30,10685.6,NIFTY 50
471,2018-11-28 00:00:00+05:30,10728.85,NIFTY 50
472,2018-11-29 00:00:00+05:30,10858.7,NIFTY 50
473,2018-11-30 00:00:00+05:30,10876.75,NIFTY 50
474,2018-12-03 00:00:00+05:30,10883.75,NIFTY 50
475,2018-12-04 00:00:00+05:30,10869.5,NIFTY 50
476,2018-12-05 00:00:00+05:30,10782.9,NIFTY 50
477,2018-12-06 00:00:00+05:30,10601.15,NIFTY 50
478,2018-12-07 00:00:00+05:30,10693.7,NIFTY 50
479,2018-12-10 00:00:00+05:30,10488.45,NIFTY 50
480,2018-12-11 00:00:00+05:30,10549.15,NIFTY 50
481,2018-12-12 00:00:00+05:30,10737.6,NIFTY 50
482,2018-12-13 00:00:00+05:30,10791.55,NIFTY 50
483,2018-12-14 00:00:00+05:30,10805.45,NIFTY 50
484,2018-12-17 00:00:00+05:30,10888.35,NIFTY 50
485,2018-12-18 00:00:00+05:30,10908.7,NIFTY 50
486,2018-12-19 00:00:00+05:30,10967.3,NIFTY 50
487,2018-12-20 00:00:00+05:30,10951.7,NIFTY 50
488,2018-12-21 00:00:00+05:30,10754,NIFTY 50
489,2018-12-24 00:00:00+05:30,10663.5,NIFTY 50
490,2018-12-26 00:00:00+05:30,10729.85,NIFTY 50
491,2018-12-27 00:00:00+05:30,10779.8,NIFTY 50
492,2018-12-28 00:00:00+05:30,10859.9,NIFTY 50
493,2018-12-31 00:00:00+05:30,10862.55,NIFTY 50
494,2019-01-01 00:00:00+05:30,10910.1,NIFTY 50
495,2019-01-02 00:00:00+05:30,10792.5,NIFTY 50
496,2019-01-03 00:00:00+05:30,10672.25,NIFTY 50
497,2019-01-04 00:00:00+05:30,10727.35,NIFTY 50
498,2019-01-07 00:00:00+05:30,10771.8,NIFTY 50
499,2019-01-08 00:00:00+05:30,10802.15,NIFTY 50
500,2019-01-09 00:00:00+05:30,10855.15,NIFTY 50
501,2019-01-10 00:00:00+05:30,10821.6,NIFTY 50
502,2019-01-11 00:00:00+05:30,10794.95,NIFTY 50
503,2019-01-14 00:00:00+05:30,10737.6,NIFTY 50
504,2019-01-15 00:00:00+05:30,10886.8,NIFTY 50
505,2019-01-16 00:00:00+05:30,10890.3,NIFTY 50
506,2019-01-17 00:00:00+05:30,10905.2,NIFTY 50
507,2019-01-18 00:00:00+05:30,10906.95,NIFTY 50
508,2019-01-21 00:00:00+05:30,10961.85,NIFTY 50
509,2019-01-22 00:00:00+05:30,10922.75,NIFTY 50
510,2019-01-23 00:00:00+05:30,10831.5,NIFTY 50
511,2019-01-24 00:00:00+05:30,10849.8,NIFTY 50
512,2019-01-25 00:00:00+05:30,10780.55,NIFTY 50
513,2019-01-28 00:00:00+05:30,10661.55,NIFTY 50
514,2019-01-29 00:00:00+05:30,10652.2,NIFTY 50
515,2019-01-30 00:00:00+05:30,10651.8,NIFTY 50
516,2019-01-31 00:00:00+05:30,10830.95,NIFTY 50
517,2019-02-01 00:00:00+05:30,10893.65,NIFTY 50
518,2019-02-04 00:00:00+05:30,10912.25,NIFTY 50
519,2019-02-05 00:00:00+05:30,10934.35,NIFTY 50
520,2019-02-06 00:00:00+05:30,11062.45,NIFTY 50
521,2019-02-07 00:00:00+05:30,11069.4,NIFTY 50
522,2019-02-08 00:00:00+05:30,10943.6,NIFTY 50
523,2019-02-11 00:00:00+05:30,10888.8,NIFTY 50
524,2019-02-12 00:00:00+05:30,10831.4,NIFTY 50
525,2019-02-13 00:00:00+05:30,10793.65,NIFTY 50
526,2019-02-14 00:00:00+05:30,10746.05,NIFTY 50
527,2019-02-15 00:00:00+05:30,10724.4,NIFTY 50
528,2019-02-18 00:00:00+05:30,10640.95,NIFTY 50
529,2019-02-19 00:00:00+05:30,10604.35,NIFTY 50
530,2019-02-20 00:00:00+05:30,10735.45,NIFTY 50
531,2019-02-21 00:00:00+05:30,10789.85,NIFTY 50
532,2019-02-22 00:00:00+05:30,10791.65,NIFTY 50
533,2019-02-25 00:00:00+05:30,10880.1,NIFTY 50
534,2019-02-26 00:00:00+05:30,10835.3,NIFTY 50
535,2019-02-27 00:00:00+05:30,10806.65,NIFTY 50
536,2019-02-28 00:00:00+05:30,10792.5,NIFTY 50
537,2019-03-01 00:00:00+05:30,10863.5,NIFTY 50
538,2019-03-05 00:00:00+05:30,10987.45,NIFTY 50
539,2019-03-06 00:00:00+05:30,11053,NIFTY 50
540,2019-03-07 00:00:00+05:30,11058.2,NIFTY 50
541,2019-03-08 00:00:00+05:30,11035.4,NIFTY 50
542,2019-03-11 00:00:00+05:30,11168.05,NIFTY 50
543,2019-03-12 00:00:00+05:30,11301.2,NIFTY 50
544,2019-03-13 00:00:00+05:30,11341.7,NIFTY 50
545,2019-03-14 00:00:00+05:30,11343.25,NIFTY 50
546,2019-03-15 00:00:00+05:30,11426.85,NIFTY 50
547,2019-03-18 00:00:00+05:30,11462.2,NIFTY 50
548,2019-03-19 00:00:00+05:30,11532.4,NIFTY 50
549,2019-03-20 00:00:00+05:30,11521.05,NIFTY 50
550,2019-03-22 00:00:00+05:30,11456.9,NIFTY 50
551,2019-03-25 00:00:00+05:30,11354.25,NIFTY 50
552,2019-03-26 00:00:00+05:30,11483.25,NIFTY 50
553,2019-03-27 00:00:00+05:30,11445.05,NIFTY 50
554,2019-03-28 00:00:00+05:30,11570,NIFTY 50
555,2019-03-29 00:00:00+05:30,11623.9,NIFTY 50
556,2019-04-01 00:00:00+05:30,11669.15,NIFTY 50
557,2019-04-02 00:00:00+05:30,11713.2,NIFTY 50
558,2019-04-03 00:00:00+05:30,11643.95,NIFTY 50
559,2019-04-04 00:00:00+05:30,11598,NIFTY 50
560,2019-04-05 00:00:00+05:30,11665.95,NIFTY 50
561,2019-04-08 00:00:00+05:30,11604.5,NIFTY 50
562,2019-04-09 00:00:00+05:30,11671.95,NIFTY 50
563,2019-04-10 00:00:00+05:30,11584.3,NIFTY 50
564,2019-04-11 00:00:00+05:30,11596.7,NIFTY 50
565,2019-04-12 00:00:00+05:30,11643.45,NIFTY 50
566,2019-04-15 00:00:00+05:30,11690.35,NIFTY 50
567,2019-04-16 00:00:00+05:30,11787.15,NIFTY 50
568,2019-04-18 00:00:00+05:30,11752.8,NIFTY 50
569,2019-04-22 00:00:00+05:30,11594.45,NIFTY 50
570,2019-04-23 00:00:00+05:30,11575.95,NIFTY 50
571,2019-04-24 00:00:00+05:30,11726.15,NIFTY 50
572,2019-04-25 00:00:00+05:30,11641.8,NIFTY 50
573,2019-04-26 00:00:00+05:30,11754.65,NIFTY 50
574,2019-04-30 00:00:00+05:30,11748.15,NIFTY 50
575,2019-05-02 00:00:00+05:30,11724.75,NIFTY 50
576,2019-05-03 00:00:00+05:30,11712.25,NIFTY 50
577,2019-05-06 00:00:00+05:30,11598.25,NIFTY 50
578,2019-05-07 00:00:00+05:30,11497.9,NIFTY 50
579,2019-05-08 00:00:00+05:30,11359.45,NIFTY 50
580,2019-05-09 00:00:00+05:30,11301.8,NIFTY 50
581,2019-05-10 00:00:00+05:30,11278.9,NIFTY 50
582,2019-05-13 00:00:00+05:30,11148.2,NIFTY 50
583,2019-05-14 00:00:00+05:30,11222.05,NIFTY 50
584,2019-05-15 00:00:00+05:30,11157,NIFTY 50
585,2019-05-16 00:00:00+05:30,11257.1,NIFTY 50
586,2019-05-17 00:00:00+05:30,11407.15,NIFTY 50
587,2019-05-20 00:00:00+05:30,11828.25,NIFTY 50
588,2019-05-21 00:00:00+05:30,11709.1,NIFTY 50
589,2019-05-22 00:00:00+05:30,11737.9,NIFTY 50
590,2019-05-23 00:00:00+05:30,11657.05,NIFTY 50
591,2019-05-24 00:00:00+05:30,11844.1,NIFTY 50
592,2019-05-27 00:00:00+05:30,11924.75,NIFTY 50
593,2019-05-28 00:00:00+05:30,11928.75,NIFTY 50
594,2019-05-29 00:00:00+05:30,11861.1,NIFTY 50
595,2019-05-30 00:00:00+05:30,11945.9,NIFTY 50
596,2019-05-31 00:00:00+05:30,11922.8,NIFTY 50
597,2019-06-03 00:00:00+05:30,12088.55,NIFTY 50
598,2019-06-04 00:00:00+05:30,12021.65,NIFTY 50
599,2019-06-06 00:00:00+05:30,11843.75,NIFTY 50
600,2019-06-07 00:00:00+05:30,11870.65,NIFTY 50
601,2019-06-10 00:00:00+05:30,11922.7,NIFTY 50
602,2019-06-11 00:00:00+05:30,11965.6,NIFTY 50
603,2019-06-12 00:00:00+05:30,11906.2,NIFTY 50
604,2019-06-13 00:00:00+05:30,11914.05,NIFTY 50
605,2019-06-14 00:00:00+05:30,11823.3,NIFTY 50
606,2019-06-17 00:00:00+05:30,11672.15,NIFTY 50
607,2019-06-18 00:00:00+05:30,11691.5,NIFTY 50
608,2019-06-19 00:00:00+05:30,11691.45,NIFTY 50
609,2019-06-20 00:00:00+05:30,11831.75,NIFTY 50
610,2019-06-21 00:00:00+05:30,11724.1,NIFTY 50
611,2019-06-24 00:00:00+05:30,11699.65,NIFTY 50
612,2019-06-25 00:00:00+05:30,11796.45,NIFTY 50
613,2019-06-26 00:00:00+05:30,11847.55,NIFTY 50
614,2019-06-27 00:00:00+05:30,11841.55,NIFTY 50
615,2019-06-28 00:00:00+05:30,11788.85,NIFTY 50
616,2019-07-01 00:00:00+05:30,11865.6,NIFTY 50
617,2019-07-02 00:00:00+05:30,11910.3,NIFTY 50
618,2019-07-03 00:00:00+05:30,11916.75,NIFTY 50
619,2019-07-04 00:00:00+05:30,11946.75,NIFTY 50
620,2019-07-05 00:00:00+05:30,11811.15,NIFTY 50
621,2019-07-08 00:00:00+05:30,11558.6,NIFTY 50
622,2019-07-09 00:00:00+05:30,11555.9,NIFTY 50
623,2019-07-10 00:00:00+05:30,11498.9,NIFTY 50
624,2019-07-11 00:00:00+05:30,11582.9,NIFTY 50
625,2019-07-12 00:00:00+05:30,11552.5,NIFTY 50
626,2019-07-15 00:00:00+05:30,11588.35,NIFTY 50
627,2019-07-16 00:00:00+05:30,11662.6,NIFTY 50
628,2019-07-17 00:00:00+05:30,11687.5,NIFTY 50
629,2019-07-18 00:00:00+05:30,11596.9,NIFTY 50
630,2019-07-19 00:00:00+05:30,11419.25,NIFTY 50
631,2019-07-22 00:00:00+05:30,11346.2,NIFTY 50
632,2019-07-23 00:00:00+05:30,11331.05,NIFTY 50
633,2019-07-24 00:00:00+05:30,11271.3,NIFTY 50
634,2019-07-25 00:00:00+05:30,11252.15,NIFTY 50
635,2019-07-26 00:00:00+05:30,11284.3,NIFTY 50
636,2019-07-29 00:00:00+05:30,11189.2,NIFTY 50
637,2019-07-30 00:00:00+05:30,11085.4,NIFTY 50
638,2019-07-31 00:00:00+05:30,11118,NIFTY 50
639,2019-08-01 00:00:00+05:30,10980,NIFTY 50
640,2019-08-02 00:00:00+05:30,10997.35,NIFTY 50
641,2019-08-05 00:00:00+05:30,10862.6,NIFTY 50
642,2019-08-06 00:00:00+05:30,10948.25,NIFTY 50
643,2019-08-07 00:00:00+05:30,10855.5,NIFTY 50
644,2019-08-08 00:00:00+05:30,11032.45,NIFTY 50
645,2019-08-09 00:00:00+05:30,11109.65,NIFTY 50
646,2019-08-13 00:00:00+05:30,10925.85,NIFTY 50
647,2019-08-14 00:00:00+05:30,11029.4,NIFTY 50
648,2019-08-16 00:00:00+05:30,11047.8,NIFTY 50
649,2019-08-19 00:00:00+05:30,11053.9,NIFTY 50
650,2019-08-20 00:00:00+05:30,11017,NIFTY 50
651,2019-08-21 00:00:00+05:30,10918.7,NIFTY 50
652,2019-08-22 00:00:00+05:30,10741.35,NIFTY 50
653,2019-08-23 00:00:00+05:30,10829.35,NIFTY 50
654,2019-08-26 00:00:00+05:30,11057.85,NIFTY 50
655,2019-08-27 00:00:00+05:30,11105.35,NIFTY 50
656,2019-08-28 00:00:00+05:30,11046.1,NIFTY 50
657,2019-08-29 00:00:00+05:30,10948.3,NIFTY 50
658,2019-08-30 00:00:00+05:30,11023.25,NIFTY 50
659,2019-09-03 00:00:00+05:30,10797.9,NIFTY 50
660,2019-09-04 00:00:00+05:30,10844.65,NIFTY 50
661,2019-09-05 00:00:00+05:30,10847.9,NIFTY 50
662,2019-09-06 00:00:00+05:30,10946.2,NIFTY 50
663,2019-09-09 00:00:00+05:30,11003.05,NIFTY 50
664,2019-09-11 00:00:00+05:30,11035.7,NIFTY 50
665,2019-09-12 00:00:00+05:30,10982.8,NIFTY 50
666,2019-09-13 00:00:00+05:30,11075.9,NIFTY 50
667,2019-09-16 00:00:00+05:30,11003.5,NIFTY 50
668,2019-09-17 00:00:00+05:30,10817.6,NIFTY 50
669,2019-09-18 00:00:00+05:30,10840.65,NIFTY 50
670,2019-09-19 00:00:00+05:30,10704.8,NIFTY 50
671,2019-09-20 00:00:00+05:30,11274.2,NIFTY 50
672,2019-09-23 00:00:00+05:30,11600.2,NIFTY 50
673,2019-09-24 00:00:00+05:30,11588.2,NIFTY 50
674,2019-09-25 00:00:00+05:30,11440.2,NIFTY 50
675,2019-09-26 00:00:00+05:30,11571.2,NIFTY 50
676,2019-09-27 00:00:00+05:30,11512.4,NIFTY 50
677,2019-09-30 00:00:00+05:30,11474.45,NIFTY 50
678,2019-10-01 00:00:00+05:30,11359.9,NIFTY 50
679,2019-10-03 00:00:00+05:30,11314,NIFTY 50
680,2019-10-04 00:00:00+05:30,11174.75,NIFTY 50
681,2019-10-07 00:00:00+05:30,11126.4,NIFTY 50
682,2019-10-09 00:00:00+05:30,11313.3,NIFTY 50
683,2019-10-10 00:00:00+05:30,11234.55,NIFTY 50
684,2019-10-11 00:00:00+05:30,11305.05,NIFTY 50
685,2019-10-14 00:00:00+05:30,11341.15,NIFTY 50
686,2019-10-15 00:00:00+05:30,11428.3,NIFTY 50
687,2019-10-16 00:00:00+05:30,11464,NIFTY 50
688,2019-10-17 00:00:00+05:30,11586.35,NIFTY 50
689,2019-10-18 00:00:00+05:30,11661.85,NIFTY 50
690,2019-10-22 00:00:00+05:30,11588.35,NIFTY 50
691,2019-10-23 00:00:00+05:30,11604.1,NIFTY 50
692,2019-10-24 00:00:00+05:30,11582.6,NIFTY 50
693,2019-10-25 00:00:00+05:30,11583.9,NIFTY 50
694,2019-10-27 00:00:00+05:30,11627.15,NIFTY 50
695,2019-10-29 00:00:00+05:30,11786.85,NIFTY 50
696,2019-10-30 00:00:00+05:30,11844.1,NIFTY 50
697,2019-10-31 00:00:00+05:30,11877.45,NIFTY 50
698,2019-11-01 00:00:00+05:30,11890.6,NIFTY 50
699,2019-11-04 00:00:00+05:30,11941.3,NIFTY 50
700,2019-11-05 00:00:00+05:30,11917.2,NIFTY 50
701,2019-11-06 00:00:00+05:30,11966.05,NIFTY 50
702,2019-11-07 00:00:00+05:30,12012.05,NIFTY 50
703,2019-11-08 00:00:00+05:30,11908.15,NIFTY 50
704,2019-11-11 00:00:00+05:30,11913.45,NIFTY 50
705,2019-11-13 00:00:00+05:30,11840.45,NIFTY 50
706,2019-11-14 00:00:00+05:30,11872.1,NIFTY 50
707,2019-11-15 00:00:00+05:30,11895.45,NIFTY 50
708,2019-11-18 00:00:00+05:30,11884.5,NIFTY 50
709,2019-11-19 00:00:00+05:30,11940.1,NIFTY 50
710,2019-11-20 00:00:00+05:30,11999.1,NIFTY 50
711,2019-11-21 00:00:00+05:30,11968.4,NIFTY 50
712,2019-11-22 00:00:00+05:30,11914.4,NIFTY 50
713,2019-11-25 00:00:00+05:30,12073.75,NIFTY 50
714,2019-11-26 00:00:00+05:30,12037.7,NIFTY 50
715,2019-11-27 00:00:00+05:30,12100.7,NIFTY 50
716,2019-11-28 00:00:00+05:30,12151.15,NIFTY 50
717,2019-11-29 00:00:00+05:30,12056.05,NIFTY 50
718,2019-12-02 00:00:00+05:30,12048.2,NIFTY 50
719,2019-12-03 00:00:00+05:30,11994.2,NIFTY 50
720,2019-12-04 00:00:00+05:30,12043.2,NIFTY 50
721,2019-12-05 00:00:00+05:30,12018.4,NIFTY 50
722,2019-12-06 00:00:00+05:30,11921.5,NIFTY 50
723,2019-12-09 00:00:00+05:30,11937.5,NIFTY 50
724,2019-12-10 00:00:00+05:30,11856.8,NIFTY 50
725,2019-12-11 00:00:00+05:30,11910.15,NIFTY 50
726,2019-12-12 00:00:00+05:30,11971.8,NIFTY 50
727,2019-12-13 00:00:00+05:30,12086.7,NIFTY 50
728,2019-12-16 00:00:00+05:30,12053.95,NIFTY 50
729,2019-12-17 00:00:00+05:30,12165,NIFTY 50
730,2019-12-18 00:00:00+05:30,12221.65,NIFTY 50
731,2019-12-19 00:00:00+05:30,12259.7,NIFTY 50
732,2019-12-20 00:00:00+05:30,12271.8,NIFTY 50
733,2019-12-23 00:00:00+05:30,12262.75,NIFTY 50
734,2019-12-24 00:00:00+05:30,12214.55,NIFTY 50
735,2019-12-26 00:00:00+05:30,12126.55,NIFTY 50
736,2019-12-27 00:00:00+05:30,12245.8,NIFTY 50
737,2019-12-30 00:00:00+05:30,12255.85,NIFTY 50
738,2019-12-31 00:00:00+05:30,12168.45,NIFTY 50
739,2020-01-01 00:00:00+05:30,12182.5,NIFTY 50
740,2020-01-02 00:00:00+05:30,12282.2,NIFTY 50
741,2020-01-03 00:00:00+05:30,12226.65,NIFTY 50
742,2020-01-06 00:00:00+05:30,11993.05,NIFTY 50
743,2020-01-07 00:00:00+05:30,12052.95,NIFTY 50
744,2020-01-08 00:00:00+05:30,12025.35,NIFTY 50
745,2020-01-09 00:00:00+05:30,12215.9,NIFTY 50
746,2020-01-10 00:00:00+05:30,12256.8,NIFTY 50
747,2020-01-13 00:00:00+05:30,12329.55,NIFTY 50
748,2020-01-14 00:00:00+05:30,12362.3,NIFTY 50
749,2020-01-15 00:00:00+05:30,12343.3,NIFTY 50
750,2020-01-16 00:00:00+05:30,12355.5,NIFTY 50
751,2020-01-17 00:00:00+05:30,12352.35,NIFTY 50
752,2020-01-20 00:00:00+05:30,12224.55,NIFTY 50
753,2020-01-21 00:00:00+05:30,12169.85,NIFTY 50
754,2020-01-22 00:00:00+05:30,12106.9,NIFTY 50
755,2020-01-23 00:00:00+05:30,12180.35,NIFTY 50
756,2020-01-24 00:00:00+05:30,12248.25,NIFTY 50
757,2020-01-27 00:00:00+05:30,12119,NIFTY 50
758,2020-01-28 00:00:00+05:30,12055.8,NIFTY 50
759,2020-01-29 00:00:00+05:30,12129.5,NIFTY 50
760,2020-01-30 00:00:00+05:30,12035.8,NIFTY 50
761,2020-01-31 00:00:00+05:30,11962.1,NIFTY 50
762,2020-02-01 00:00:00+05:30,11661.85,NIFTY 50
763,2020-02-03 00:00:00+05:30,11707.9,NIFTY 50
764,2020-02-04 00:00:00+05:30,11979.65,NIFTY 50
765,2020-02-05 00:00:00+05:30,12089.15,NIFTY 50
766,2020-02-06 00:00:00+05:30,12137.95,NIFTY 50
767,2020-02-07 00:00:00+05:30,12098.35,NIFTY 50
768,2020-02-10 00:00:00+05:30,12031.5,NIFTY 50
769,2020-02-11 00:00:00+05:30,12107.9,NIFTY 50
770,2020-02-12 00:00:00+05:30,12201.2,NIFTY 50
771,2020-02-13 00:00:00+05:30,12174.65,NIFTY 50
772,2020-02-14 00:00:00+05:30,12113.45,NIFTY 50
773,2020-02-17 00:00:00+05:30,12045.8,NIFTY 50
774,2020-02-18 00:00:00+05:30,11992.5,NIFTY 50
775,2020-02-19 00:00:00+05:30,12125.9,NIFTY 50
776,2020-02-20 00:00:00+05:30,12080.85,NIFTY 50
777,2020-02-24 00:00:00+05:30,11829.4,NIFTY 50
778,2020-02-25 00:00:00+05:30,11797.9,NIFTY 50
779,2020-02-26 00:00:00+05:30,11678.5,NIFTY 50
780,2020-02-27 00:00:00+05:30,11633.3,NIFTY 50
781,2020-02-28 00:00:00+05:30,11201.75,NIFTY 50
782,2020-03-02 00:00:00+05:30,11132.75,NIFTY 50
783,2020-03-03 00:00:00+05:30,11303.3,NIFTY 50
784,2020-03-04 00:00:00+05:30,11251,NIFTY 50
785,2020-03-05 00:00:00+05:30,11269,NIFTY 50
786,2020-03-06 00:00:00+05:30,10989.45,NIFTY 50
787,2020-03-09 00:00:00+05:30,10451.45,NIFTY 50
788,2020-03-11 00:00:00+05:30,10458.4,NIFTY 50
789,2020-03-12 00:00:00+05:30,9590.15,NIFTY 50
790,2020-03-13 00:00:00+05:30,9955.2,NIFTY 50
791,2020-03-16 00:00:00+05:30,9197.4,NIFTY 50
792,2020-03-17 00:00:00+05:30,8967.04,NIFTY 50
793,2020-03-18 00:00:00+05:30,8468.79,NIFTY 50
794,2020-03-19 00:00:00+05:30,8263.45,NIFTY 50
795,2020-03-20 00:00:00+05:30,8745.45,NIFTY 50
796,2020-03-23 00:00:00+05:30,7610.25,NIFTY 50
797,2020-03-24 00:00:00+05:30,7801.05,NIFTY 50
798,2020-03-25 00:00:00+05:30,8317.85,NIFTY 50
799,2020-03-26 00:00:00+05:30,8641.45,NIFTY 50
800,2020-03-27 00:00:00+05:30,8660.25,NIFTY 50
801,2020-03-30 00:00:00+05:30,8281.1,NIFTY 50
802,2020-03-31 00:00:00+05:30,8597.75,NIFTY 50
803,2020-04-01 00:00:00+05:30,8253.79,NIFTY 50
804,2020-04-03 00:00:00+05:30,8083.8,NIFTY 50
805,2020-04-07 00:00:00+05:30,8792.2,NIFTY 50
806,2020-04-08 00:00:00+05:30,8748.75,NIFTY 50
807,2020-04-09 00:00:00+05:30,9111.9,NIFTY 50
808,2020-04-13 00:00:00+05:30,8993.85,NIFTY 50
809,2020-04-15 00:00:00+05:30,8925.29,NIFTY 50
810,2020-04-16 00:00:00+05:30,8992.79,NIFTY 50
811,2020-04-17 00:00:00+05:30,9266.75,NIFTY 50
812,2020-04-20 00:00:00+05:30,9261.85,NIFTY 50
813,2020-04-21 00:00:00+05:30,8981.45,NIFTY 50
814,2020-04-22 00:00:00+05:30,9187.29,NIFTY 50
815,2020-04-23 00:00:00+05:30,9313.9,NIFTY 50
816,2020-04-24 00:00:00+05:30,9154.4,NIFTY 50
817,2020-04-27 00:00:00+05:30,9282.29,NIFTY 50
818,2020-04-28 00:00:00+05:30,9380.9,NIFTY 50
819,2020-04-29 00:00:00+05:30,9553.35,NIFTY 50
820,2020-04-30 00:00:00+05:30,9859.9,NIFTY 50
821,2020-05-04 00:00:00+05:30,9293.5,NIFTY 50
822,2020-05-05 00:00:00+05:30,9205.6,NIFTY 50
823,2020-05-06 00:00:00+05:30,9270.9,NIFTY 50
824,2020-05-07 00:00:00+05:30,9199.04,NIFTY 50
825,2020-05-08 00:00:00+05:30,9251.5,NIFTY 50
826,2020-05-11 00:00:00+05:30,9239.2,NIFTY 50
827,2020-05-12 00:00:00+05:30,9196.54,NIFTY 50
828,2020-05-13 00:00:00+05:30,9383.54,NIFTY 50
829,2020-05-14 00:00:00+05:30,9142.75,NIFTY 50
830,2020-05-15 00:00:00+05:30,9136.85,NIFTY 50
831,2020-05-18 00:00:00+05:30,8823.25,NIFTY 50
832,2020-05-19 00:00:00+05:30,8879.1,NIFTY 50
833,2020-05-20 00:00:00+05:30,9066.54,NIFTY 50
834,2020-05-21 00:00:00+05:30,9106.25,NIFTY 50
835,2020-05-22 00:00:00+05:30,9039.25,NIFTY 50
836,2020-05-26 00:00:00+05:30,9029.04,NIFTY 50
837,2020-05-27 00:00:00+05:30,9314.95,NIFTY 50
838,2020-05-28 00:00:00+05:30,9490.1,NIFTY 50
839,2020-05-29 00:00:00+05:30,9580.29,NIFTY 50
840,2020-06-01 00:00:00+05:30,9826.15,NIFTY 50
841,2020-06-02 00:00:00+05:30,9979.1,NIFTY 50
842,2020-06-03 00:00:00+05:30,10061.54,NIFTY 50
843,2020-06-04 00:00:00+05:30,10029.1,NIFTY 50
844,2020-06-05 00:00:00+05:30,10142.15,NIFTY 50
845,2020-06-08 00:00:00+05:30,10167.45,NIFTY 50
846,2020-06-09 00:00:00+05:30,10046.65,NIFTY 50
847,2020-06-10 00:00:00+05:30,10116.15,NIFTY 50
848,2020-06-11 00:00:00+05:30,9902,NIFTY 50
849,2020-06-12 00:00:00+05:30,9972.9,NIFTY 50
850,2020-06-15 00:00:00+05:30,9813.7,NIFTY 50
851,2020-06-16 00:00:00+05:30,9914,NIFTY 50
852,2020-06-17 00:00:00+05:30,9881.15,NIFTY 50
853,2020-06-18 00:00:00+05:30,10091.65,NIFTY 50
854,2020-06-19 00:00:00+05:30,10244.4,NIFTY 50
855,2020-06-22 00:00:00+05:30,10311.2,NIFTY 50
856,2020-06-23 00:00:00+05:30,10471,NIFTY 50
857,2020-06-24 00:00:00+05:30,10305.29,NIFTY 50
858,2020-06-25 00:00:00+05:30,10288.9,NIFTY 50
859,2020-06-26 00:00:00+05:30,10383,NIFTY 50
860,2020-06-29 00:00:00+05:30,10312.4,NIFTY 50
861,2020-06-30 00:00:00+05:30,10302.1,NIFTY 50
862,2020-07-01 00:00:00+05:30,10430.04,NIFTY 50
863,2020-07-02 00:00:00+05:30,10551.7,NIFTY 50
864,2020-07-03 00:00:00+05:30,10607.35,NIFTY 50
865,2020-07-06 00:00:00+05:30,10763.65,NIFTY 50
866,2020-07-07 00:00:00+05:30,10799.65,NIFTY 50
867,2020-07-08 00:00:00+05:30,10705.75,NIFTY 50
868,2020-07-09 00:00:00+05:30,10813.45,NIFTY 50
869,2020-07-10 00:00:00+05:30,10768.05,NIFTY 50
870,2020-07-13 00:00:00+05:30,10802.7,NIFTY 50
871,2020-07-14 00:00:00+05:30,10607.35,NIFTY 50
872,2020-07-15 00:00:00+05:30,10618.2,NIFTY 50
873,2020-07-16 00:00:00+05:30,10739.95,NIFTY 50
874,2020-07-17 00:00:00+05:30,10901.7,NIFTY 50
875,2020-07-20 00:00:00+05:30,11022.2,NIFTY 50
876,2020-07-21 00:00:00+05:30,11162.25,NIFTY 50
877,2020-07-22 00:00:00+05:30,11132.6,NIFTY 50
878,2020-07-23 00:00:00+05:30,11215.45,NIFTY 50
879,2020-07-24 00:00:00+05:30,11194.15,NIFTY 50
880,2020-07-27 00:00:00+05:30,11131.8,NIFTY 50
881,2020-07-28 00:00:00+05:30,11300.55,NIFTY 50
882,2020-07-29 00:00:00+05:30,11202.85,NIFTY 50
883,2020-07-30 00:00:00+05:30,11102.15,NIFTY 50
884,2020-07-31 00:00:00+05:30,11073.45,NIFTY 50
885,2020-08-03 00:00:00+05:30,10891.6,NIFTY 50
886,2020-08-04 00:00:00+05:30,11095.25,NIFTY 50
887,2020-08-05 00:00:00+05:30,11101.65,NIFTY 50
888,2020-08-06 00:00:00+05:30,11200.15,NIFTY 50
889,2020-08-07 00:00:00+05:30,11214.05,NIFTY 50
890,2020-08-10 00:00:00+05:30,11270.15,NIFTY 50
891,2020-08-11 00:00:00+05:30,11322.5,NIFTY 50
892,2020-08-12 00:00:00+05:30,11308.4,NIFTY 50
893,2020-08-13 00:00:00+05:30,11300.45,NIFTY 50
894,2020-08-14 00:00:00+05:30,11178.4,NIFTY 50
895,2020-08-17 00:00:00+05:30,11247.1,NIFTY 50
896,2020-08-18 00:00:00+05:30,11385.35,NIFTY 50
897,2020-08-19 00:00:00+05:30,11408.4,NIFTY 50
898,2020-08-20 00:00:00+05:30,11312.2,NIFTY 50
899,2020-08-21 00:00:00+05:30,11371.6,NIFTY 50
900,2020-08-24 00:00:00+05:30,11466.45,NIFTY 50
901,2020-08-25 00:00:00+05:30,11472.25,NIFTY 50
902,2020-08-26 00:00:00+05:30,11549.6,NIFTY 50
903,2020-08-27 00:00:00+05:30,11559.25,NIFTY 50
904,2020-08-28 00:00:00+05:30,11647.6,NIFTY 50
905,2020-08-31 00:00:00+05:30,11387.5,NIFTY 50
906,2020-09-01 00:00:00+05:30,11470.25,NIFTY 50
907,2020-09-02 00:00:00+05:30,11535,NIFTY 50
908,2020-09-03 00:00:00+05:30,11527.45,NIFTY 50
909,2020-09-04 00:00:00+05:30,11333.85,NIFTY 50
910,2020-09-07 00:00:00+05:30,11355.05,NIFTY 50
911,2020-09-08 00:00:00+05:30,11317.35,NIFTY 50
912,2020-09-09 00:00:00+05:30,11278,NIFTY 50
913,2020-09-10 00:00:00+05:30,11449.25,NIFTY 50
914,2020-09-11 00:00:00+05:30,11464.45,NIFTY 50
915,2020-09-14 00:00:00+05:30,11440.05,NIFTY 50
916,2020-09-15 00:00:00+05:30,11521.8,NIFTY 50
917,2020-09-16 00:00:00+05:30,11604.55,NIFTY 50
918,2020-09-17 00:00:00+05:30,11516.1,NIFTY 50
919,2020-09-18 00:00:00+05:30,11504.95,NIFTY 50
920,2020-09-21 00:00:00+05:30,11250.55,NIFTY 50
921,2020-09-22 00:00:00+05:30,11153.65,NIFTY 50
922,2020-09-23 00:00:00+05:30,11131.85,NIFTY 50
923,2020-09-24 00:00:00+05:30,10805.55,NIFTY 50
924,2020-09-25 00:00:00+05:30,11050.25,NIFTY 50
925,2020-09-28 00:00:00+05:30,11227.55,NIFTY 50
926,2020-09-29 00:00:00+05:30,11222.4,NIFTY 50
927,2020-09-30 00:00:00+05:30,11247.55,NIFTY 50
928,2020-10-01 00:00:00+05:30,11416.95,NIFTY 50
929,2020-10-05 00:00:00+05:30,11503.35,NIFTY 50
930,2020-10-06 00:00:00+05:30,11662.4,NIFTY 50
931,2020-10-07 00:00:00+05:30,11738.85,NIFTY 50
932,2020-10-08 00:00:00+05:30,11834.6,NIFTY 50
933,2020-10-09 00:00:00+05:30,11914.2,NIFTY 50
934,2020-10-12 00:00:00+05:30,11930.95,NIFTY 50
935,2020-10-13 00:00:00+05:30,11934.5,NIFTY 50
936,2020-10-14 00:00:00+05:30,11971.05,NIFTY 50
937,2020-10-15 00:00:00+05:30,11680.35,NIFTY 50
938,2020-10-16 00:00:00+05:30,11762.45,NIFTY 50
939,2020-10-19 00:00:00+05:30,11873.05,NIFTY 50
940,2020-10-20 00:00:00+05:30,11896.8,NIFTY 50
941,2020-10-21 00:00:00+05:30,11937.65,NIFTY 50
942,2020-10-22 00:00:00+05:30,11896.45,NIFTY 50
943,2020-10-23 00:00:00+05:30,11930.35,NIFTY 50
944,2020-10-26 00:00:00+05:30,11767.75,NIFTY 50
945,2020-10-27 00:00:00+05:30,11889.4,NIFTY 50
946,2020-10-28 00:00:00+05:30,11729.6,NIFTY 50
947,2020-10-29 00:00:00+05:30,11670.8,NIFTY 50
948,2020-10-30 00:00:00+05:30,11642.4,NIFTY 50
949,2020-11-02 00:00:00+05:30,11669.15,NIFTY 50
950,2020-11-03 00:00:00+05:30,11813.5,NIFTY 50
951,2020-11-04 00:00:00+05:30,11908.5,NIFTY 50
952,2020-11-05 00:00:00+05:30,12120.3,NIFTY 50
953,2020-11-06 00:00:00+05:30,12263.55,NIFTY 50
954,2020-11-09 00:00:00+05:30,12461.05,NIFTY 50
955,2020-11-10 00:00:00+05:30,12631.1,NIFTY 50
956,2020-11-11 00:00:00+05:30,12749.15,NIFTY 50
957,2020-11-12 00:00:00+05:30,12690.8,NIFTY 50
958,2020-11-13 00:00:00+05:30,12719.95,NIFTY 50
959,2020-11-14 00:00:00+05:30,12780.25,NIFTY 50
960,2020-11-17 00:00:00+05:30,12874.2,NIFTY 50
961,2020-11-18 00:00:00+05:30,12938.25,NIFTY 50
962,2020-11-19 00:00:00+05:30,12771.7,NIFTY 50
963,2020-11-20 00:00:00+05:30,12859.05,NIFTY 50
964,2020-11-23 00:00:00+05:30,12926.45,NIFTY 50
965,2020-11-24 00:00:00+05:30,13055.15,NIFTY 50
966,2020-11-25 00:00:00+05:30,12858.4,NIFTY 50
967,2020-11-26 00:00:00+05:30,12987,NIFTY 50
968,2020-11-27 00:00:00+05:30,12968.95,NIFTY 50
969,2020-12-01 00:00:00+05:30,13109.05,NIFTY 50
970,2020-12-02 00:00:00+05:30,13113.75,NIFTY 50
971,2020-12-03 00:00:00+05:30,13133.9,NIFTY 50
972,2020-12-04 00:00:00+05:30,13258.55,NIFTY 50
973,2020-12-07 00:00:00+05:30,13355.75,NIFTY 50
974,2020-12-08 00:00:00+05:30,13392.95,NIFTY 50
975,2020-12-09 00:00:00+05:30,13529.1,NIFTY 50
976,2020-12-10 00:00:00+05:30,13478.3,NIFTY 50
977,2020-12-11 00:00:00+05:30,13513.85,NIFTY 50
978,2020-12-14 00:00:00+05:30,13558.15,NIFTY 50
979,2020-12-15 00:00:00+05:30,13567.85,NIFTY 50
980,2020-12-16 00:00:00+05:30,13682.7,NIFTY 50
981,2020-12-17 00:00:00+05:30,13740.7,NIFTY 50
982,2020-12-18 00:00:00+05:30,13760.55,NIFTY 50
983,2020-12-21 00:00:00+05:30,13328.4,NIFTY 50
984,2020-12-22 00:00:00+05:30,13466.3,NIFTY 50
985,2020-12-23 00:00:00+05:30,13601.1,NIFTY 50
986,2020-12-24 00:00:00+05:30,13749.25,NIFTY 50
987,2020-12-28 00:00:00+05:30,13873.2,NIFTY 50
988,2020-12-29 00:00:00+05:30,13932.6,NIFTY 50
989,2020-12-30 00:00:00+05:30,13981.95,NIFTY 50
990,2020-12-31 00:00:00+05:30,13981.75,NIFTY 50
991,2021-01-01 00:00:00+05:30,14018.5,NIFTY 50
992,2021-01-04 00:00:00+05:30,14132.9,NIFTY 50
993,2021-01-05 00:00:00+05:30,14199.5,NIFTY 50
994,2021-01-06 00:00:00+05:30,14146.25,NIFTY 50
995,2021-01-07 00:00:00+05:30,14137.35,NIFTY 50
996,2021-01-08 00:00:00+05:30,14347.25,NIFTY 50
997,2021-01-11 00:00:00+05:30,14484.75,NIFTY 50
998,2021-01-12 00:00:00+05:30,14563.45,NIFTY 50
999,2021-01-13 00:00:00+05:30,14564.85,NIFTY 50
1000,2021-01-14 00:00:00+05:30,14595.6,NIFTY 50
1001,2021-01-15 00:00:00+05:30,14433.7,NIFTY 50
1002,2021-01-18 00:00:00+05:30,14281.3,NIFTY 50
1003,2021-01-19 00:00:00+05:30,14521.15,NIFTY 50
1004,2021-01-20 00:00:00+05:30,14644.7,NIFTY 50
1005,2021-01-21 00:00:00+05:30,14590.35,NIFTY 50
1006,2021-01-22 00:00:00+05:30,14371.9,NIFTY 50
1007,2021-01-25 00:00:00+05:30,14238.9,NIFTY 50
1008,2021-01-27 00:00:00+05:30,13967.5,NIFTY 50
1009,2021-01-28 00:00:00+05:30,13817.55,NIFTY 50
1010,2021-01-29 00:00:00+05:30,13634.6,NIFTY 50
1011,2021-02-01 00:00:00+05:30,14281.2,NIFTY 50
1012,2021-02-02 00:00:00+05:30,14647.85,NIFTY 50
1013,2021-02-03 00:00:00+05:30,14789.95,NIFTY 50
1014,2021-02-04 00:00:00+05:30,14895.65,NIFTY 50
1015,2021-02-05 00:00:00+05:30,14924.25,NIFTY 50
1016,2021-02-08 00:00:00+05:30,15115.8,NIFTY 50
1017,2021-02-09 00:00:00+05:30,15109.3,NIFTY 50
1018,2021-02-10 00:00:00+05:30,15106.5,NIFTY 50
1019,2021-02-11 00:00:00+05:30,15173.3,NIFTY 50
1020,2021-02-12 00:00:00+05:30,15163.3,NIFTY 50
1021,2021-02-15 00:00:00+05:30,15314.7,NIFTY 50
1022,2021-02-16 00:00:00+05:30,15313.45,NIFTY 50
1023,2021-02-17 00:00:00+05:30,15208.9,NIFTY 50
1024,2021-02-18 00:00:00+05:30,15118.95,NIFTY 50
1025,2021-02-19 00:00:00+05:30,14981.75,NIFTY 50
1026,2021-02-22 00:00:00+05:30,14675.7,NIFTY 50
1027,2021-02-23 00:00:00+05:30,14707.8,NIFTY 50
1028,2021-02-24 00:00:00+05:30,14982,NIFTY 50
1029,2021-02-25 00:00:00+05:30,15097.35,NIFTY 50
1030,2021-02-26 00:00:00+05:30,14529.15,NIFTY 50
1031,2021-03-01 00:00:00+05:30,14761.55,NIFTY 50
1032,2021-03-02 00:00:00+05:30,14919.1,NIFTY 50
1033,2021-03-03 00:00:00+05:30,15245.6,NIFTY 50
1034,2021-03-04 00:00:00+05:30,15080.75,NIFTY 50
1035,2021-03-05 00:00:00+05:30,14938.1,NIFTY 50
1036,2021-03-08 00:00:00+05:30,14956.2,NIFTY 50
1037,2021-03-09 00:00:00+05:30,15098.4,NIFTY 50
1038,2021-03-10 00:00:00+05:30,15174.8,NIFTY 50
1039,2021-03-12 00:00:00+05:30,15030.95,NIFTY 50
1040,2021-03-15 00:00:00+05:30,14929.5,NIFTY 50
1041,2021-03-16 00:00:00+05:30,14910.45,NIFTY 50
1042,2021-03-17 00:00:00+05:30,14721.3,NIFTY 50
1043,2021-03-18 00:00:00+05:30,14557.85,NIFTY 50
1044,2021-03-19 00:00:00+05:30,14744,NIFTY 50
1045,2021-03-22 00:00:00+05:30,14736.4,NIFTY 50
1046,2021-03-23 00:00:00+05:30,14814.75,NIFTY 50
1047,2021-03-24 00:00:00+05:30,14549.4,NIFTY 50
1048,2021-03-25 00:00:00+05:30,14324.9,NIFTY 50
1049,2021-03-26 00:00:00+05:30,14507.3,NIFTY 50
1050,2021-03-30 00:00:00+05:30,14845.1,NIFTY 50
1051,2021-03-31 00:00:00+05:30,14690.7,NIFTY 50
1052,2021-04-01 00:00:00+05:30,14867.35,NIFTY 50
1053,2021-04-05 00:00:00+05:30,14637.8,NIFTY 50
1054,2021-04-06 00:00:00+05:30,14683.5,NIFTY 50
1055,2021-04-07 00:00:00+05:30,14819.05,NIFTY 50
1056,2021-04-08 00:00:00+05:30,14873.8,NIFTY 50
1057,2021-04-09 00:00:00+05:30,14834.85,NIFTY 50
1058,2021-04-12 00:00:00+05:30,14310.8,NIFTY 50
1059,2021-04-13 00:00:00+05:30,14504.8,NIFTY 50
1060,2021-04-15 00:00:00+05:30,14581.45,NIFTY 50
1061,2021-04-16 00:00:00+05:30,14617.85,NIFTY 50
1062,2021-04-19 00:00:00+05:30,14359.45,NIFTY 50
1063,2021-04-20 00:00:00+05:30,14296.4,NIFTY 50
1064,2021-04-22 00:00:00+05:30,14406.15,NIFTY 50
1065,2021-04-23 00:00:00+05:30,14341.35,NIFTY 50
1066,2021-04-26 00:00:00+05:30,14485,NIFTY 50
1067,2021-04-27 00:00:00+05:30,14653.05,NIFTY 50
1068,2021-04-28 00:00:00+05:30,14864.55,NIFTY 50
1069,2021-04-29 00:00:00+05:30,14894.9,NIFTY 50
1070,2021-04-30 00:00:00+05:30,14631.1,NIFTY 50
1071,2021-05-03 00:00:00+05:30,14634.15,NIFTY 50
1072,2021-05-04 00:00:00+05:30,14496.5,NIFTY 50
1073,2021-05-05 00:00:00+05:30,14617.85,NIFTY 50
1074,2021-05-06 00:00:00+05:30,14724.8,NIFTY 50
1075,2021-05-07 00:00:00+05:30,14823.15,NIFTY 50
1076,2021-05-10 00:00:00+05:30,14942.35,NIFTY 50
1077,2021-05-11 00:00:00+05:30,14850.75,NIFTY 50
1078,2021-05-12 00:00:00+05:30,14696.5,NIFTY 50
1079,2021-05-14 00:00:00+05:30,14677.8,NIFTY 50
1080,2021-05-17 00:00:00+05:30,14923.15,NIFTY 50
1081,2021-05-18 00:00:00+05:30,15108.1,NIFTY 50
1082,2021-05-19 00:00:00+05:30,15030.15,NIFTY 50
1083,2021-05-20 00:00:00+05:30,14906.05,NIFTY 50
1084,2021-05-21 00:00:00+05:30,15175.3,NIFTY 50
1085,2021-05-24 00:00:00+05:30,15197.7,NIFTY 50
1086,2021-05-25 00:00:00+05:30,15208.45,NIFTY 50
1087,2021-05-26 00:00:00+05:30,15301.45,NIFTY 50
1088,2021-05-27 00:00:00+05:30,15337.85,NIFTY 50
1089,2021-05-28 00:00:00+05:30,15435.65,NIFTY 50
1090,2021-05-31 00:00:00+05:30,15582.8,NIFTY 50
1091,2021-06-01 00:00:00+05:30,15574.85,NIFTY 50
1092,2021-06-02 00:00:00+05:30,15576.2,NIFTY 50
1093,2021-06-03 00:00:00+05:30,15690.35,NIFTY 50
1094,2021-06-04 00:00:00+05:30,15670.25,NIFTY 50
1095,2021-06-07 00:00:00+05:30,15751.65,NIFTY 50
1096,2021-06-08 00:00:00+05:30,15740.1,NIFTY 50
1097,2021-06-09 00:00:00+05:30,15635.35,NIFTY 50
1098,2021-06-10 00:00:00+05:30,15737.75,NIFTY 50
1099,2021-06-11 00:00:00+05:30,15799.35,NIFTY 50
1100,2021-06-14 00:00:00+05:30,15811.85,NIFTY 50
1101,2021-06-15 00:00:00+05:30,15869.25,NIFTY 50
1102,2021-06-16 00:00:00+05:30,15767.55,NIFTY 50
1103,2021-06-17 00:00:00+05:30,15691.4,NIFTY 50
1104,2021-06-18 00:00:00+05:30,15683.35,NIFTY 50
1105,2021-06-21 00:00:00+05:30,15746.5,NIFTY 50
1106,2021-06-22 00:00:00+05:30,15772.75,NIFTY 50
1107,2021-06-23 00:00:00+05:30,15686.95,NIFTY 50
1108,2021-06-24 00:00:00+05:30,15790.45,NIFTY 50
1109,2021-06-25 00:00:00+05:30,15860.35,NIFTY 50
1110,2021-06-28 00:00:00+05:30,15814.7,NIFTY 50
1111,2021-06-29 00:00:00+05:30,15748.45,NIFTY 50
1112,2021-06-30 00:00:00+05:30,15721.5,NIFTY 50
1113,2021-07-01 00:00:00+05:30,15680,NIFTY 50
1114,2021-07-02 00:00:00+05:30,15722.2,NIFTY 50
1115,2021-07-05 00:00:00+05:30,15834.35,NIFTY 50
1116,2021-07-06 00:00:00+05:30,15818.25,NIFTY 50
1117,2021-07-07 00:00:00+05:30,15879.65,NIFTY 50
1118,2021-07-08 00:00:00+05:30,15727.9,NIFTY 50
1119,2021-07-09 00:00:00+05:30,15689.8,NIFTY 50
1120,2021-07-12 00:00:00+05:30,15692.6,NIFTY 50
1121,2021-07-13 00:00:00+05:30,15812.35,NIFTY 50
1122,2021-07-14 00:00:00+05:30,15853.95,NIFTY 50
1123,2021-07-15 00:00:00+05:30,15924.2,NIFTY 50
1124,2021-07-16 00:00:00+05:30,15923.4,NIFTY 50
1125,2021-07-19 00:00:00+05:30,15752.4,NIFTY 50
1126,2021-07-20 00:00:00+05:30,15632.1,NIFTY 50
1127,2021-07-22 00:00:00+05:30,15824.05,NIFTY 50
1128,2021-07-23 00:00:00+05:30,15856.05,NIFTY 50
1129,2021-07-26 00:00:00+05:30,15824.45,NIFTY 50
1130,2021-07-27 00:00:00+05:30,15746.45,NIFTY 50
1131,2021-07-28 00:00:00+05:30,15709.4,NIFTY 50
1132,2021-07-29 00:00:00+05:30,15778.45,NIFTY 50
1133,2021-07-30 00:00:00+05:30,15763.05,NIFTY 50
1134,2021-08-02 00:00:00+05:30,15885.15,NIFTY 50
1135,2021-08-03 00:00:00+05:30,16130.75,NIFTY 50
1136,2021-08-04 00:00:00+05:30,16258.8,NIFTY 50
1137,2021-08-05 00:00:00+05:30,16294.6,NIFTY 50
1138,2021-08-06 00:00:00+05:30,16238.2,NIFTY 50
1139,2021-08-09 00:00:00+05:30,16258.25,NIFTY 50
1140,2021-08-10 00:00:00+05:30,16280.1,NIFTY 50
1141,2021-08-11 00:00:00+05:30,16282.25,NIFTY 50
1142,2021-08-12 00:00:00+05:30,16364.4,NIFTY 50
1143,2021-08-13 00:00:00+05:30,16529.09,NIFTY 50
1144,2021-08-16 00:00:00+05:30,16563.05,NIFTY 50
1145,2021-08-17 00:00:00+05:30,16614.59,NIFTY 50
1146,2021-08-18 00:00:00+05:30,16568.84,NIFTY 50
1147,2021-08-20 00:00:00+05:30,16450.5,NIFTY 50
1148,2021-08-23 00:00:00+05:30,16496.45,NIFTY 50
1149,2021-08-24 00:00:00+05:30,16624.59,NIFTY 50
1150,2021-08-25 00:00:00+05:30,16634.65,NIFTY 50
1151,2021-08-26 00:00:00+05:30,16636.9,NIFTY 50
1152,2021-08-27 00:00:00+05:30,16705.2,NIFTY 50
1153,2021-08-30 00:00:00+05:30,16931.05,NIFTY 50
1154,2021-08-31 00:00:00+05:30,17132.2,NIFTY 50
1155,2021-09-01 00:00:00+05:30,17076.25,NIFTY 50
1156,2021-09-02 00:00:00+05:30,17234.15,NIFTY 50
1157,2021-09-03 00:00:00+05:30,17323.59,NIFTY 50
1158,2021-09-06 00:00:00+05:30,17377.8,NIFTY 50
1159,2021-09-07 00:00:00+05:30,17362.09,NIFTY 50
1160,2021-09-08 00:00:00+05:30,17353.5,NIFTY 50
1161,2021-09-09 00:00:00+05:30,17369.25,NIFTY 50
1162,2021-09-13 00:00:00+05:30,17355.3,NIFTY 50
1163,2021-09-14 00:00:00+05:30,17380,NIFTY 50
1164,2021-09-15 00:00:00+05:30,17519.45,NIFTY 50
1165,2021-09-16 00:00:00+05:30,17629.5,NIFTY 50
1166,2021-09-17 00:00:00+05:30,17585.15,NIFTY 50
1167,2021-09-20 00:00:00+05:30,17396.9,NIFTY 50
1168,2021-09-21 00:00:00+05:30,17562,NIFTY 50
1169,2021-09-22 00:00:00+05:30,17546.65,NIFTY 50
1170,2021-09-23 00:00:00+05:30,17822.95,NIFTY 50
1171,2021-09-24 00:00:00+05:30,17853.2,NIFTY 50
1172,2021-09-27 00:00:00+05:30,17855.09,NIFTY 50
1173,2021-09-28 00:00:00+05:30,17748.59,NIFTY 50
1174,2021-09-29 00:00:00+05:30,17711.3,NIFTY 50
1175,2021-09-30 00:00:00+05:30,17618.15,NIFTY 50
1176,2021-10-01 00:00:00+05:30,17532.05,NIFTY 50
1177,2021-10-04 00:00:00+05:30,17691.25,NIFTY 50
1178,2021-10-05 00:00:00+05:30,17822.3,NIFTY 50
1179,2021-10-06 00:00:00+05:30,17646,NIFTY 50
1180,2021-10-07 00:00:00+05:30,17790.34,NIFTY 50
1181,2021-10-08 00:00:00+05:30,17895.2,NIFTY 50
1182,2021-10-11 00:00:00+05:30,17945.95,NIFTY 50
1183,2021-10-12 00:00:00+05:30,17991.95,NIFTY 50
1184,2021-10-13 00:00:00+05:30,18161.75,NIFTY 50
1185,2021-10-14 00:00:00+05:30,18338.55,NIFTY 50
1186,2021-10-18 00:00:00+05:30,18477.05,NIFTY 50
1187,2021-10-19 00:00:00+05:30,18418.75,NIFTY 50
1188,2021-10-20 00:00:00+05:30,18266.59,NIFTY 50
1189,2021-10-21 00:00:00+05:30,18178.09,NIFTY 50
1190,2021-10-22 00:00:00+05:30,18114.9,NIFTY 50
1191,2021-10-25 00:00:00+05:30,18125.4,NIFTY 50
1192,2021-10-26 00:00:00+05:30,18268.4,NIFTY 50
1193,2021-10-27 00:00:00+05:30,18210.95,NIFTY 50
1194,2021-10-28 00:00:00+05:30,17857.25,NIFTY 50
1195,2021-10-29 00:00:00+05:30,17671.65,NIFTY 50
1196,2021-11-01 00:00:00+05:30,17929.65,NIFTY 50
1197,2021-11-02 00:00:00+05:30,17888.95,NIFTY 50
1198,2021-11-03 00:00:00+05:30,17829.2,NIFTY 50
1199,2021-11-04 00:00:00+05:30,17916.8,NIFTY 50
1200,2021-11-08 00:00:00+05:30,18068.55,NIFTY 50
1201,2021-11-09 00:00:00+05:30,18044.25,NIFTY 50
1202,2021-11-10 00:00:00+05:30,18017.2,NIFTY 50
1203,2021-11-11 00:00:00+05:30,17873.6,NIFTY 50
1204,2021-11-12 00:00:00+05:30,18102.75,NIFTY 50
1205,2021-11-15 00:00:00+05:30,18109.45,NIFTY 50
1206,2021-11-16 00:00:00+05:30,17999.2,NIFTY 50
1207,2021-11-17 00:00:00+05:30,17898.65,NIFTY 50
1208,2021-11-18 00:00:00+05:30,17764.8,NIFTY 50
1209,2021-11-22 00:00:00+05:30,17416.55,NIFTY 50
1210,2021-11-23 00:00:00+05:30,17503.35,NIFTY 50
1211,2021-11-24 00:00:00+05:30,17415.05,NIFTY 50
1212,2021-11-25 00:00:00+05:30,17536.25,NIFTY 50
1213,2021-11-26 00:00:00+05:30,17026.45,NIFTY 50
1214,2021-11-29 00:00:00+05:30,17053.95,NIFTY 50
1215,2021-11-30 00:00:00+05:30,16983.2,NIFTY 50
1216,2021-12-01 00:00:00+05:30,17166.9,NIFTY 50
1217,2021-12-02 00:00:00+05:30,17401.65,NIFTY 50
1218,2021-12-03 00:00:00+05:30,17196.7,NIFTY 50
1219,2021-12-06 00:00:00+05:30,16912.25,NIFTY 50
1220,2021-12-07 00:00:00+05:30,17176.7,NIFTY 50
1221,2021-12-08 00:00:00+05:30,17469.75,NIFTY 50
1222,2021-12-09 00:00:00+05:30,17516.85,NIFTY 50
1223,2021-12-10 00:00:00+05:30,17511.3,NIFTY 50
1224,2021-12-13 00:00:00+05:30,17368.25,NIFTY 50
1225,2021-12-14 00:00:00+05:30,17324.9,NIFTY 50
1226,2021-12-15 00:00:00+05:30,17221.4,NIFTY 50
1227,2021-12-16 00:00:00+05:30,17248.4,NIFTY 50
1228,2021-12-17 00:00:00+05:30,16985.2,NIFTY 50
1229,2021-12-20 00:00:00+05:30,16614.2,NIFTY 50
1230,2021-12-21 00:00:00+05:30,16770.85,NIFTY 50
1231,2021-12-22 00:00:00+05:30,16955.45,NIFTY 50
1232,2021-12-23 00:00:00+05:30,17072.6,NIFTY 50
1233,2021-12-24 00:00:00+05:30,17003.75,NIFTY 50
1234,2021-12-27 00:00:00+05:30,17086.25,NIFTY 50
1235,2021-12-28 00:00:00+05:30,17233.25,NIFTY 50
1236,2021-12-29 00:00:00+05:30,17213.6,NIFTY 50
1237,2021-12-30 00:00:00+05:30,17203.95,NIFTY 50
1238,2021-12-31 00:00:00+05:30,17354.05,NIFTY 50